{
    "name": "Global Information",
    "numberOfRequests": {
        "total": 2,
        "ok": 1,
        "ko": 1
    },
    "minResponseTime": {
        "total": 111974,
        "ok": 111974,
        "ko": 217213
    },
    "maxResponseTime": {
        "total": 217213,
        "ok": 111974,
        "ko": 217213
    },
    "meanResponseTime": {
        "total": 164593,
        "ok": 111974,
        "ko": 217213
    },
    "standardDeviation": {
        "total": 52619,
        "ok": 0,
        "ko": 0
    },
    "percentiles1": {
        "total": 164593,
        "ok": 111974,
        "ko": 217213
    },
    "percentiles2": {
        "total": 190903,
        "ok": 111974,
        "ko": 217213
    },
    "percentiles3": {
        "total": 211951,
        "ok": 111974,
        "ko": 217213
    },
    "percentiles4": {
        "total": 216160,
        "ok": 111974,
        "ko": 217213
    },
    "group1": {
        "name": "t < 800 ms",
        "count": 0,
        "percentage": 0
    },
    "group2": {
        "name": "800 ms < t < 1200 ms",
        "count": 0,
        "percentage": 0
    },
    "group3": {
        "name": "t > 1200 ms",
        "count": 1,
        "percentage": 50
    },
    "group4": {
        "name": "failed",
        "count": 1,
        "percentage": 50
    },
    "meanNumberOfRequestsPerSecond": {
        "total": 0.006074061026091129,
        "ok": 0.0030370305130455644,
        "ko": 0.0030370305130455644
    }
}